section,item,rate1,rate2,rate3,rate4,rate5
concert,2 ½ hours or less,356.01,370.25,385.06,,
concert,Including principal premium,427.21,444.3,462.07,,
concert,X in 15-minute segments or less,53.4,55.54,57.76,,
concert,Including principal premium,64.08,66.65,69.31,,
concert,segments or less,71.2,74.05,77.01,,
concert,Including principal premium,85.44,88.86,92.41,,
concert,"later, 1½ X for entire performance",534.02,555.38,577.59,,
concert,Including principal premium,640.82,666.45,693.11,,
concert,2 ½ hour minimum call,178.65,185.8,193.23,,
concert,Including principal premium,214.38,222.96,231.87,,
concert,Rehearsal per hour,71.46,74.32,77.29,,
concert,Including principal premium,85.75,89.18,92.75,,
concert,30-minute segments or less,53.6,55.74,57.97,,
concert,Including principal premium,64.31,66.89,69.56,,
concert,"including overtime, as performance",356.01,370.25,385.06,,
concert,Including principal premium,427.21,444.3,462.07,,
concert,1½ X in 15-minute segments or less,53.4,55.54,57.76,,
concert,Including principal premium,64.08,66.65,69.31,,
concert,rehearsal hour rate,107.19,111.48,115.94,,
concert,Including principal premium,128.63,133.78,139.12,,
chamber,2 ½ hours or less,398.73,414.68,431.27,,
chamber,Including principal premium,478.48,497.62,517.52,,
chamber,2 ½ hour minimum call,200.09,208.1,216.41,,
chamber,Including principal premium,240.11,249.72,259.69,,
chamber,Rehearsal per hour,80.04,83.24,86.56,,
chamber,Including principal premium,96.04,99.89,103.88,,
chamber,Sound check,120.05,124.86,129.85,,
chamber,Including principal premium,144.06,149.83,155.82,,
religious,on the same day within 3 hours,356.01,370.25,385.06,,
religious,4 hours,474.68,493.67,513.41,,
religious,1 ½ X in 30-minute segments or less,89.0,92.56,96.27,,
religious,call of 2 hours:,142.92,148.64,154.58,,
religious,Rehearsal per hour,71.46,74.32,77.29,,
religious,1 ½ X in 30-minute segments,53.6,55.74,57.97,,
religious,7:00 PM) Paid as a service,356.01,370.25,385.06,,
all,CONTRIBUTIONS:,85.26,92.36,93.16,93.16,100.33
all,"PLUS, per musician each rehearsal",32.0,34.67,34.67,34.67,37.34
all,consecutive days),234.52,254.06,255.66,255.66,275.32
all,Contrabassoon & Tuba,32.0,32.0,35.0,,
all,String Bass,52.0,52.0,55.0,,
all,"a receipt, provided, however, that a cap on any such reimbursement for any such congestion pricing will be",10.0,,,,
